{
  "hourly_avg_volatility": {
    "0": 0.0023174472233698142,
    "1": 0.0018416103647292499,
    "2": 0.001627220908027881,
    "3": 0.0018012055257372519,
    "4": 0.00200939653525709,
    "5": 0.0016639076145014793,
    "6": 0.001742516886167881,
    "7": 0.0015080730131520413,
    "8": 0.002043490415096243,
    "9": 0.0017578438947783341,
    "10": 0.0011930701405433691,
    "11": 0.0012048516325976323,
    "12": 0.0014477164178537988,
    "13": 0.002271848546588393,
    "14": 0.0030832173298336817,
    "15": 0.002244032469390698,
    "16": 0.0020087166132426028,
    "17": 0.0031046670704693333,
    "18": 0.00212028015497276,
    "19": 0.002235233755486437,
    "20": 0.001477153780156854,
    "21": 0.0015548806771337263,
    "22": 0.0016625944461997808,
    "23": 0.0015045194300454376
  },
  "daily_avg_volatility": {
    "0": 0.002154756919163703,
    "1": 0.001967585926844463,
    "2": 0.0022935286687995105,
    "3": 0.0023483514433489407,
    "4": 0.0020008595863699095,
    "5": 0.0009482723439755749,
    "6": 0.0016028667557522283
  },
  "best_trading_hours": [
    17,
    14,
    0,
    13,
    15
  ],
  "worst_trading_hours": [
    10,
    11,
    12,
    20,
    23
  ]
}